"CASE","language","am_use_0","am_use_1","am_use_2","am_use_3","am_use_4","am_use_5","am_use_6","am_use_7","bed_use_0","bed_use_1","bed_use_2","bed_use_3","bed_use_4","bed_use_5","bed_use_6","bed_use_7","ds_use_0","ds_use_1","ds_use_2","ds_use_3","ds_use_4","ds_use_5","ds_use_6","ds_use_7","mvs_use_0","mvs_use_1","mvs_use_2","mvs_use_3","mvs_use_4","mvs_use_5","mvs_use_6","mvs_use_7"
509,"EN",0,0,0,0,0,0,0,NA,0,0,0,0,0,0,0,NA,0,0,0,0,0,0,0,NA,0,0,0,0,0,0,0,NA
512,"ES",0,0,0,0,0,0,0,NA,0,0,0,0,0,0,0,NA,0,0,0,0,0,0,0,NA,0,0,0,0,0,0,0,NA
513,"EN",3,1,1,1,1,1,1,NA,4,1,1,1,1,1,1,NA,5,1,1,1,1,1,1,NA,5,1,1,1,1,1,1,NA
514,"EN",5,1,1,1,1,1,1,NA,5,1,1,1,1,1,1,NA,5,1,1,1,1,1,1,NA,5,1,1,1,1,1,1,NA
515,"ES",3,1,1,1,1,1,1,NA,2,1,1,1,1,1,1,NA,5,1,1,1,1,1,1,NA,5,1,1,1,1,1,1,NA
516,"ES",5,1,1,1,1,1,1,NA,5,1,1,1,1,1,1,NA,5,1,1,1,1,1,1,NA,5,1,1,1,1,1,1,NA
517,"ES",0,0,0,0,0,0,0,NA,0,0,0,0,0,0,0,NA,0,0,0,0,0,0,0,NA,0,0,0,0,0,0,0,NA
519,"ES",0,0,0,0,0,0,0,NA,0,0,0,0,0,0,0,NA,0,0,0,0,0,0,0,NA,0,0,0,0,0,0,0,NA
520,"EN",2,1,1,1,1,1,1,NA,1,1,1,1,1,1,1,NA,1,1,1,1,1,1,1,NA,1,1,1,1,1,1,1,NA
521,"ES",4,1,1,1,1,1,1,NA,3,1,1,1,1,1,1,NA,1,1,1,1,1,1,1,NA,4,1,1,1,1,1,1,NA
522,"ES",2,1,1,1,1,1,1,NA,3,1,1,1,1,1,1,NA,2,1,1,1,1,1,1,NA,4,1,1,1,1,1,1,NA
523,"ES",3,1,1,1,1,1,1,NA,2,1,1,1,1,1,1,NA,2,1,1,1,1,1,1,NA,3,1,1,1,1,1,1,NA
524,"ES",4,1,1,1,1,1,1,NA,3,1,1,1,1,1,1,NA,2,1,1,1,1,1,1,NA,2,1,1,1,1,1,1,NA
525,"ES",3,1,1,1,1,1,1,NA,4,1,1,1,1,1,1,NA,1,1,1,1,1,1,1,NA,5,1,1,1,1,1,1,NA
527,"ES",3,1,1,1,1,1,1,NA,4,1,1,1,1,1,1,NA,4,1,1,1,1,1,1,NA,1,1,1,1,1,1,1,NA
529,"ES",3,1,1,1,1,1,1,"Rehabiitación",3,1,1,1,1,1,1,NA,5,1,1,1,1,1,1,NA,1,1,1,1,1,1,1,NA
530,"ES",4,1,1,1,1,1,1,NA,2,1,1,1,1,1,1,NA,3,1,1,1,1,1,1,NA,2,1,1,1,1,1,1,NA
531,"ES",0,0,0,0,0,0,0,NA,0,0,0,0,0,0,0,NA,0,0,0,0,0,0,0,NA,1,1,1,1,1,1,1,NA
532,"ES",5,1,1,1,1,1,1,"Hospitales de cardiología",5,1,1,1,1,1,1,"Hospitales de Ginecologia y Obstetricia",4,1,1,1,1,1,1,NA,2,1,1,1,1,1,1,NA
533,"ES",5,1,1,1,1,1,1,"Centros de rehabilitacio o fisioterapia",5,1,1,1,1,1,1,NA,5,1,1,1,1,1,1,NA,3,1,1,1,1,1,1,NA
534,"ES",4,1,1,1,1,1,1,NA,4,1,1,1,1,1,1,NA,4,1,1,1,1,1,1,NA,4,1,1,1,1,1,1,NA
535,"ES",5,1,1,1,1,1,1,"rehabilitación",3,1,1,1,1,1,1,"uci",2,1,1,1,1,1,1,NA,1,1,1,1,1,1,1,NA
536,"ES",0,0,0,0,0,0,0,NA,0,0,0,0,0,0,0,NA,3,1,1,1,1,1,1,NA,0,0,0,0,0,0,0,NA
537,"ES",2,1,1,1,1,1,1,NA,2,1,1,1,1,1,1,NA,5,1,1,1,1,1,1,NA,1,1,1,1,1,1,1,NA
538,"ES",0,0,0,0,0,0,0,NA,4,1,1,1,1,1,1,NA,0,0,0,0,0,0,0,NA,0,0,0,0,0,0,0,NA
539,"ES",3,1,1,1,1,1,1,NA,4,1,1,1,1,1,1,NA,4,1,1,1,1,1,1,NA,4,1,1,1,1,1,1,NA
540,"ES",4,1,1,1,1,1,1,NA,5,1,1,1,1,1,1,NA,4,1,1,1,1,1,1,NA,3,1,1,1,1,1,1,NA
541,"ES",4,1,1,1,1,1,1,NA,3,1,1,1,1,1,1,NA,5,1,1,1,1,1,1,NA,2,1,1,1,1,1,1,NA
542,"ES",4,1,1,1,1,1,1,NA,4,1,1,1,1,1,1,NA,6,1,1,1,1,1,1,"clinicas dentales",3,1,1,1,1,1,1,"clinica de urgencias, salas de espera de hospitales"
543,"ES",2,1,1,1,1,1,1,NA,2,1,1,1,1,1,1,NA,3,1,1,1,1,1,1,NA,2,1,1,1,1,1,1,NA
544,"ES",4,1,1,1,1,1,1,NA,4,1,1,1,1,1,1,NA,5,1,1,1,1,1,1,NA,3,1,1,1,1,1,1,NA
545,"ES",2,1,1,1,1,1,1,NA,3,1,1,1,1,1,1,NA,1,1,1,1,1,1,1,NA,1,1,1,1,1,1,1,NA
546,"ES",4,1,1,1,1,1,1,NA,3,1,1,1,1,1,1,NA,3,1,1,1,1,1,1,NA,4,1,1,1,1,1,1,NA
547,"ES",1,1,1,1,1,1,1,NA,3,1,1,1,1,1,1,NA,3,1,1,1,1,1,1,NA,3,1,1,1,1,1,1,"Urgencias"
548,"ES",5,1,1,1,1,1,1,NA,5,1,1,1,1,1,1,NA,5,1,1,1,1,1,1,NA,5,1,1,1,1,1,1,NA
549,"ES",0,0,0,0,0,0,0,NA,0,0,0,0,0,0,0,NA,0,0,0,0,0,0,0,NA,0,0,0,0,0,0,0,NA
550,"ES",3,1,1,1,1,1,1,NA,3,1,1,1,1,1,1,NA,3,1,1,1,1,1,1,NA,5,1,1,1,1,1,1,NA
551,"ES",4,1,1,1,1,1,1,NA,4,1,1,1,1,1,1,NA,4,1,1,1,1,1,1,NA,4,1,1,1,1,1,1,NA
552,"ES",3,1,1,1,1,1,1,NA,6,1,1,1,1,1,1,"En casa con pacientes con dificultad para ser dependientes",4,1,1,1,1,1,1,NA,2,1,1,1,1,1,1,NA
553,"ES",2,1,1,1,1,1,1,NA,1,1,1,1,1,1,1,NA,4,1,1,1,1,1,1,NA,2,1,1,1,1,1,1,NA
554,"ES",4,1,1,1,1,1,1,"NEUROLOGÍA",3,1,1,1,1,1,1,NA,3,1,1,1,1,1,1,"GINECOLOGIA Y ODONTOLOGIA",5,1,1,1,1,1,1,"CARDIOLOGÍA"
555,"ES",0,0,0,0,0,0,0,NA,0,0,0,0,0,0,0,NA,2,1,1,1,1,1,1,NA,0,0,0,0,0,0,0,NA
556,"ES",2,1,1,1,1,1,1,NA,2,1,1,1,1,1,1,NA,2,1,1,1,1,1,1,NA,3,1,1,1,1,1,1,NA
557,"ES",2,1,1,1,1,1,1,NA,3,1,1,1,1,1,1,NA,5,1,1,1,1,1,1,NA,1,1,1,1,1,1,1,NA
558,"ES",4,1,1,1,1,1,1,NA,0,0,0,0,0,0,0,NA,5,1,1,1,1,1,1,NA,5,1,1,1,1,1,1,NA
559,"ES",3,1,1,1,1,1,1,NA,3,1,1,1,1,1,1,NA,5,1,1,1,1,1,1,NA,5,1,1,1,1,1,1,NA
560,"ES",4,1,1,1,1,1,1,NA,4,1,1,1,1,1,1,NA,1,1,1,1,1,1,1,"Clínicas de medicina familiar y situaciones donde no haya urgencias",3,1,1,1,1,1,1,NA
561,"ES",1,1,1,1,1,1,1,NA,2,1,1,1,1,1,1,NA,4,1,1,1,1,1,1,NA,2,1,1,1,1,1,1,NA
562,"ES",1,1,1,1,1,1,1,NA,3,1,1,1,1,1,1,NA,3,1,1,1,1,1,1,NA,2,1,1,1,1,1,1,NA
563,"ES",4,1,1,1,1,1,1,NA,5,1,1,1,1,1,1,NA,5,1,1,1,1,1,1,NA,4,1,1,1,1,1,1,NA
564,"ES",3,1,1,1,1,1,1,NA,6,1,1,1,1,1,1,"Casa",5,1,1,1,1,1,1,NA,6,1,1,1,1,1,1,"Casa"
565,"ES",5,1,1,1,1,1,1,NA,5,1,1,1,1,1,1,NA,5,1,1,1,1,1,1,NA,5,1,1,1,1,1,1,NA
566,"ES",3,1,1,1,1,1,1,NA,3,1,1,1,1,1,1,NA,1,1,1,1,1,1,1,NA,1,1,1,1,1,1,1,NA
567,"ES",0,0,0,0,0,0,0,NA,0,0,0,0,0,0,0,NA,0,0,0,0,0,0,0,NA,3,1,1,1,1,1,1,NA
568,"ES",2,1,1,1,1,1,1,NA,3,1,1,1,1,1,1,NA,5,1,1,1,1,1,1,NA,5,1,1,1,1,1,1,NA
569,"ES",3,1,1,1,1,1,1,NA,2,1,1,1,1,1,1,NA,3,1,1,1,1,1,1,NA,5,1,1,1,1,1,1,NA
570,"ES",3,1,1,1,1,1,1,NA,3,1,1,1,1,1,1,NA,5,1,1,1,1,1,1,NA,3,1,1,1,1,1,1,NA
571,"ES",3,1,1,1,1,1,1,NA,3,1,1,1,1,1,1,NA,4,1,1,1,1,1,1,NA,4,1,1,1,1,1,1,NA
572,"ES",3,1,1,1,1,1,1,NA,3,1,1,1,1,1,1,NA,5,1,1,1,1,1,1,NA,2,1,1,1,1,1,1,NA
573,"ES",4,1,1,1,1,1,1,NA,4,1,1,1,1,1,1,NA,4,1,1,1,1,1,1,NA,2,1,1,1,1,1,1,NA
574,"ES",3,1,1,1,1,1,1,NA,2,1,1,1,1,1,1,NA,5,1,1,1,1,1,1,NA,1,1,1,1,1,1,1,NA
575,"ES",3,1,1,1,1,1,1,"Clinicas de rehabilitación",3,1,1,1,1,1,1,NA,5,1,1,1,1,1,1,NA,2,1,1,1,1,1,1,"Clinicas de atención primaria"
576,"ES",5,1,1,1,1,1,1,NA,5,1,1,1,1,1,1,NA,5,1,1,1,1,1,1,NA,5,1,1,1,1,1,1,NA
577,"ES",2,1,1,1,1,1,1,NA,3,1,1,1,1,1,1,NA,3,1,1,1,1,1,1,"Asilos",4,1,1,1,1,1,1,NA
578,"ES",2,1,1,1,1,1,1,NA,3,1,1,1,1,1,1,NA,5,1,1,1,1,1,1,NA,1,1,1,1,1,1,1,NA
579,"ES",0,0,0,0,0,0,0,NA,5,1,1,1,1,1,1,NA,5,1,1,1,1,1,1,NA,0,0,0,0,0,0,0,NA
580,"ES",3,1,1,1,1,1,1,NA,2,1,1,1,1,1,1,NA,4,1,1,1,1,1,1,NA,1,1,1,1,1,1,1,NA
581,"ES",3,1,1,1,1,1,1,NA,4,1,1,1,1,1,1,NA,1,1,1,1,1,1,1,NA,6,1,1,1,1,1,1,"Todos los campos médicos"
582,"ES",0,0,0,0,0,0,0,NA,0,0,0,0,0,0,0,NA,0,0,0,0,0,0,0,NA,0,0,0,0,0,0,0,NA
583,"ES",3,1,1,1,1,1,1,NA,5,1,1,1,1,1,1,NA,5,1,1,1,1,1,1,NA,5,1,1,1,1,1,1,NA
584,"ES",3,1,1,1,1,1,1,NA,3,1,1,1,1,1,1,NA,2,1,1,1,1,1,1,NA,2,1,1,1,1,1,1,NA
585,"ES",3,1,1,1,1,1,1,NA,5,1,1,1,1,1,1,NA,2,1,1,1,1,1,1,NA,5,1,1,1,1,1,1,NA
586,"ES",5,1,1,1,1,1,1,NA,3,1,1,1,1,1,1,NA,5,1,1,1,1,1,1,NA,4,1,1,1,1,1,1,NA
587,"ES",3,1,1,1,1,1,1,NA,3,1,1,1,1,1,1,NA,2,1,1,1,1,1,1,NA,3,1,1,1,1,1,1,NA
588,"ES",4,1,1,1,1,1,1,NA,5,1,1,1,1,1,1,NA,4,1,1,1,1,1,1,NA,4,1,1,1,1,1,1,NA
589,"ES",3,1,1,1,1,1,1,NA,4,1,1,1,1,1,1,NA,3,1,1,1,1,1,1,NA,1,1,1,1,1,1,1,NA
590,"ES",4,1,1,1,1,1,1,NA,2,1,1,1,1,1,1,NA,5,1,1,1,1,1,1,NA,3,1,1,1,1,1,1,NA
591,"ES",4,1,1,1,1,1,1,"REHABILITACION/FISIOTERAPIA",6,1,1,1,1,1,1,"fisioterapia",5,1,1,1,1,1,1,"Laboratorio",5,1,1,1,1,1,1,NA
592,"ES",3,1,1,1,1,1,1,NA,1,1,1,1,1,1,1,NA,2,1,1,1,1,1,1,NA,2,1,1,1,1,1,1,NA
593,"ES",4,1,1,1,1,1,1,NA,2,1,1,1,1,1,1,NA,3,1,1,1,1,1,1,NA,1,1,1,1,1,1,1,NA
594,"ES",3,1,1,1,1,1,1,NA,2,1,1,1,1,1,1,NA,1,1,1,1,1,1,1,NA,3,1,1,1,1,1,1,NA
595,"ES",2,1,1,1,1,1,1,NA,2,1,1,1,1,1,1,NA,2,1,1,1,1,1,1,NA,1,1,1,1,1,1,1,NA
596,"ES",3,1,1,1,1,1,1,NA,2,1,1,1,1,1,1,NA,5,1,1,1,1,1,1,NA,4,1,1,1,1,1,1,NA
597,"ES",4,1,1,1,1,1,1,NA,3,1,1,1,1,1,1,NA,5,1,1,1,1,1,1,NA,3,1,1,1,1,1,1,NA
598,"ES",4,1,1,1,1,1,1,NA,5,1,1,1,1,1,1,NA,5,1,1,1,1,1,1,NA,5,1,1,1,1,1,1,NA
599,"ES",4,1,1,1,1,1,1,NA,4,1,1,1,1,1,1,NA,5,1,1,1,1,1,1,NA,3,1,1,1,1,1,1,NA
600,"ES",3,1,1,1,1,1,1,NA,4,1,1,1,1,1,1,NA,5,1,1,1,1,1,1,NA,4,1,1,1,1,1,1,NA
601,"ES",4,1,1,1,1,1,1,NA,3,1,1,1,1,1,1,NA,4,1,1,1,1,1,1,NA,6,1,1,1,1,1,1,"area de urgencias o cuidados intensivos"
602,"ES",4,1,1,1,1,1,1,"Hospitales de rehabilitación",4,1,1,1,1,1,1,NA,4,1,1,1,1,1,1,NA,3,1,1,1,1,1,1,"Hospitales de atención primaria, u hospitales donde no haya mucho personal de salud y sobre población de pacientes."
603,"ES",4,1,1,1,1,1,1,NA,3,1,1,1,1,1,1,NA,5,1,1,1,1,1,1,NA,6,1,1,1,1,1,1,"Laboratorios clínicos, bancos de sangre."
604,"ES",3,1,1,1,1,1,1,NA,3,1,1,1,1,1,1,NA,1,1,1,1,1,1,1,NA,2,1,1,1,1,1,1,NA
605,"ES",2,1,1,1,1,1,1,"Centros de Rehabilitación, donde se proporcionan servicios de Terapia Física y Ocupacional",2,1,1,1,1,1,1,NA,5,1,1,1,1,1,1,NA,4,1,1,1,1,1,1,NA
606,"ES",4,1,1,1,1,1,1,NA,3,1,1,1,1,1,1,NA,5,1,1,1,1,1,1,NA,5,1,1,1,1,1,1,NA
607,"ES",4,1,1,1,1,1,1,NA,4,1,1,1,1,1,1,NA,3,1,1,1,1,1,1,NA,4,1,1,1,1,1,1,"Laboratorio e imagen"
608,"ES",3,1,1,1,1,1,1,NA,4,1,1,1,1,1,1,NA,5,1,1,1,1,1,1,NA,1,1,1,1,1,1,1,NA
609,"ES",4,1,1,1,1,1,1,NA,3,1,1,1,1,1,1,"Medicina interna",5,1,1,1,1,1,1,NA,3,1,1,1,1,1,1,"Clínicas de primer nivel"
611,"ES",3,1,1,1,1,1,1,NA,4,1,1,1,1,1,1,NA,4,1,1,1,1,1,1,NA,2,1,1,1,1,1,1,NA
612,"ES",2,1,1,1,1,1,1,NA,3,1,1,1,1,1,1,NA,2,1,1,1,1,1,1,NA,5,1,1,1,1,1,1,NA
615,"ES",5,1,1,1,1,1,1,NA,5,1,1,1,1,1,1,NA,5,1,1,1,1,1,1,NA,2,1,1,1,1,1,1,NA
616,"ES",5,1,1,1,1,1,1,NA,4,1,1,1,1,1,1,NA,3,1,1,1,1,1,1,NA,5,1,1,1,1,1,1,NA
617,"ES",3,1,1,1,1,1,1,NA,2,1,1,1,1,1,1,NA,1,1,1,1,1,1,1,NA,2,1,1,1,1,1,1,NA
618,"ES",4,1,1,1,1,1,1,NA,3,1,1,1,1,1,1,NA,4,1,1,1,1,1,1,NA,3,1,1,1,1,1,1,NA
619,"ES",5,1,1,1,1,1,1,"En hospitales con especialidad de rehabilitación fisica",4,1,1,1,1,1,1,NA,3,1,1,1,1,1,1,NA,1,1,1,1,1,1,1,NA
621,"ES",2,1,1,1,1,1,1,NA,2,1,1,1,1,1,1,NA,5,1,1,1,1,1,1,NA,3,1,1,1,1,1,1,NA
622,"ES",0,0,0,0,0,0,0,NA,0,0,0,0,0,0,0,NA,0,0,0,0,0,0,0,NA,0,0,0,0,0,0,0,NA
625,"ES",6,1,1,1,1,1,1,"Hospitales de rehabilitacion fisica, centros medicos como teleton en mexico",4,1,1,1,1,1,1,NA,5,1,1,1,1,1,1,NA,4,1,1,1,1,1,1,NA
626,"ES",3,1,1,1,1,1,1,NA,2,1,1,1,1,1,1,NA,1,1,1,1,1,1,1,NA,3,1,1,1,1,1,1,NA
627,"ES",5,1,1,1,1,1,1,NA,4,1,1,1,1,1,1,NA,5,1,1,1,1,1,1,NA,5,1,1,1,1,1,1,NA
628,"ES",2,1,1,1,1,1,1,NA,1,1,1,1,1,1,1,NA,3,1,1,1,1,1,1,NA,3,1,1,1,1,1,1,NA
630,"ES",2,1,1,1,1,1,1,NA,3,1,1,1,1,1,1,NA,2,1,1,1,1,1,1,NA,3,1,1,1,1,1,1,NA
631,"ES",2,1,1,1,1,1,1,"En cualquier hospital donde atiendan traumas y accidentes al igual que malformaciones",2,1,1,1,1,1,1,NA,6,1,1,1,1,1,1,"En cualquier campo",2,1,1,1,1,1,1,NA
632,"ES",3,1,1,1,1,1,1,"Medicina Física y de Rehabilitación",3,1,1,1,1,1,1,"Asilos",5,1,1,1,1,1,1,NA,5,1,1,1,1,1,1,"Consulta externa"
633,"ES",2,1,1,1,1,1,1,NA,2,1,1,1,1,1,1,NA,1,1,1,1,1,1,1,NA,1,1,1,1,1,1,1,NA
634,"ES",2,1,1,1,1,1,1,NA,3,1,1,1,1,1,1,NA,5,1,1,1,1,1,1,NA,5,1,1,1,1,1,1,NA
635,"ES",3,1,1,1,1,1,1,NA,2,1,1,1,1,1,1,NA,4,1,1,1,1,1,1,NA,3,1,1,1,1,1,1,NA
636,"ES",5,1,1,1,1,1,1,NA,5,1,1,1,1,1,1,NA,5,1,1,1,1,1,1,NA,2,1,1,1,1,1,1,NA
637,"ES",0,0,0,0,0,0,0,NA,0,0,0,0,0,0,0,NA,0,0,0,0,0,0,0,NA,0,0,0,0,0,0,0,NA
638,"ES",2,1,1,1,1,1,1,"Cirugía vascular",2,1,1,1,1,1,1,NA,1,1,1,1,1,1,1,NA,3,1,1,1,1,1,1,NA
639,"ES",0,0,0,0,0,0,0,NA,0,0,0,0,0,0,0,NA,0,0,0,0,0,0,0,NA,0,0,0,0,0,0,0,NA
640,"ES",4,1,1,1,1,1,1,NA,1,1,1,1,1,1,1,NA,4,1,1,1,1,1,1,NA,1,1,1,1,1,1,1,NA
641,"ES",3,1,1,1,1,1,1,NA,2,1,1,1,1,1,1,NA,3,1,1,1,1,1,1,NA,3,1,1,1,1,1,1,NA
642,"ES",5,1,1,1,1,1,1,NA,3,1,1,1,1,1,1,NA,5,1,1,1,1,1,1,NA,2,1,1,1,1,1,1,NA
643,"EN",4,1,1,1,1,1,1,NA,4,1,1,1,1,1,1,NA,4,1,1,1,1,1,1,NA,4,1,1,1,1,1,1,NA
644,"EN",0,0,0,0,0,0,0,NA,0,0,0,0,0,0,0,NA,0,0,0,0,0,0,0,NA,0,0,0,0,0,0,0,NA
645,"ES",4,1,1,1,1,1,1,NA,1,1,1,1,1,1,1,NA,1,1,1,1,1,1,1,NA,1,1,1,1,1,1,1,NA
646,"EN",3,1,1,1,1,1,1,NA,1,1,1,1,1,1,1,NA,5,1,1,1,1,1,1,NA,1,1,1,1,1,1,1,NA
647,"EN",4,1,1,1,1,1,1,NA,3,1,1,1,1,1,1,NA,6,1,1,1,1,1,1,NA,2,1,1,1,1,1,1,NA
648,"EN",0,0,0,0,0,0,0,NA,0,0,0,0,0,0,0,NA,5,1,1,1,1,1,1,NA,5,1,1,1,1,1,1,NA
649,"EN",5,1,1,1,1,1,1,NA,4,1,1,1,1,1,1,NA,4,1,1,1,1,1,1,NA,3,1,1,1,1,1,1,NA
650,"EN",4,1,1,1,1,1,1,NA,1,1,1,1,1,1,1,NA,5,1,1,1,1,1,1,NA,1,1,1,1,1,1,1,NA
651,"EN",1,1,1,1,1,1,1,NA,2,1,1,1,1,1,1,NA,1,1,1,1,1,1,1,NA,1,1,1,1,1,1,1,NA
652,"EN",1,1,1,1,1,1,1,NA,2,1,1,1,1,1,1,NA,1,1,1,1,1,1,1,NA,1,1,1,1,1,1,1,NA
653,"EN",1,1,1,1,1,1,1,NA,2,1,1,1,1,1,1,NA,1,1,1,1,1,1,1,NA,3,1,1,1,1,1,1,NA
654,"EN",1,1,1,1,1,1,1,NA,1,1,1,1,1,1,1,NA,1,1,1,1,1,1,1,NA,1,1,1,1,1,1,1,NA
655,"EN",3,1,1,1,1,1,1,NA,3,1,1,1,1,1,1,NA,3,1,1,1,1,1,1,NA,3,1,1,1,1,1,1,NA
657,"EN",3,1,1,1,1,1,1,NA,3,1,1,1,1,1,1,NA,4,1,1,1,1,1,1,NA,3,1,1,1,1,1,1,NA
658,"EN",0,0,0,0,0,0,0,NA,0,0,0,0,0,0,0,NA,0,0,0,0,0,0,0,NA,0,0,0,0,0,0,0,NA
659,"EN",0,0,0,0,0,0,0,NA,0,0,0,0,0,0,0,NA,0,0,0,0,0,0,0,NA,0,0,0,0,0,0,0,NA
660,"EN",2,1,1,1,1,1,1,NA,2,1,1,1,1,1,1,NA,2,1,1,1,1,1,1,NA,2,1,1,1,1,1,1,NA
661,"EN",0,0,0,0,0,0,0,NA,0,0,0,0,0,0,0,NA,0,0,0,0,0,0,0,NA,0,0,0,0,0,0,0,NA
662,"EN",0,0,0,0,0,0,0,NA,0,0,0,0,0,0,0,NA,2,1,1,1,1,1,1,NA,2,1,1,1,1,1,1,NA
663,"EN",2,1,1,1,1,1,1,NA,4,1,1,1,1,1,1,NA,3,1,1,1,1,1,1,NA,1,1,1,1,1,1,1,NA
664,"EN",0,0,0,0,0,0,0,NA,0,0,0,0,0,0,0,NA,0,0,0,0,0,0,0,NA,0,0,0,0,0,0,0,NA
665,"EN",2,1,1,1,1,1,1,NA,3,1,1,1,1,1,1,NA,2,1,1,1,1,1,1,NA,2,1,1,1,1,1,1,NA
666,"EN",0,0,0,0,0,0,0,NA,0,0,0,0,0,0,0,NA,0,0,0,0,0,0,0,NA,0,0,0,0,0,0,0,NA
667,"EN",0,0,0,0,0,0,0,NA,0,0,0,0,0,0,0,NA,0,0,0,0,0,0,0,NA,0,0,0,0,0,0,0,NA
668,"EN",2,1,1,1,1,1,1,NA,2,1,1,1,1,1,1,NA,2,1,1,1,1,1,1,NA,1,1,1,1,1,1,1,NA
669,"EN",3,1,1,1,1,1,1,NA,5,1,1,1,1,1,1,NA,5,1,1,1,1,1,1,NA,5,1,1,1,1,1,1,NA
670,"EN",2,1,1,1,1,1,1,NA,2,1,1,1,1,1,1,NA,5,1,1,1,1,1,1,NA,5,1,1,1,1,1,1,NA
671,"EN",4,1,1,1,1,1,1,NA,1,1,1,1,1,1,1,NA,1,1,1,1,1,1,1,NA,2,1,1,1,1,1,1,NA
672,"EN",4,1,1,1,1,1,1,NA,4,1,1,1,1,1,1,NA,4,1,1,1,1,1,1,NA,3,1,1,1,1,1,1,NA
673,"EN",0,0,0,0,0,0,0,NA,0,0,0,0,0,0,0,NA,0,0,0,0,0,0,0,NA,0,0,0,0,0,0,0,NA
674,"EN",0,0,0,0,0,0,0,NA,0,0,0,0,0,0,0,NA,0,0,0,0,0,0,0,NA,0,0,0,0,0,0,0,NA
675,"EN",3,1,1,1,1,1,1,NA,5,1,1,1,1,1,1,NA,5,1,1,1,1,1,1,NA,5,1,1,1,1,1,1,NA
676,"EN",0,0,0,0,0,0,0,NA,0,0,0,0,0,0,0,NA,0,0,0,0,0,0,0,NA,0,0,0,0,0,0,0,NA
677,"EN",5,1,1,1,1,1,1,NA,4,1,1,1,1,1,1,NA,6,1,1,1,1,1,1,NA,1,1,1,1,1,1,1,NA
678,"EN",0,0,0,0,0,0,0,NA,0,0,0,0,0,0,0,NA,0,0,0,0,0,0,0,NA,3,1,1,1,1,1,1,NA
679,"EN",2,1,1,1,1,1,1,NA,5,1,1,1,1,1,1,NA,3,1,1,1,1,1,1,NA,5,1,1,1,1,1,1,NA
680,"EN",4,1,1,1,1,1,1,NA,1,1,1,1,1,1,1,NA,3,1,1,1,1,1,1,NA,5,1,1,1,1,1,1,NA
681,"ES",4,1,1,1,1,1,1,NA,3,1,1,1,1,1,1,NA,6,1,1,1,1,1,1,"Atención primaria de salud",4,1,1,1,1,1,1,NA
682,"ES",4,1,1,1,1,1,1,NA,2,1,1,1,1,1,1,NA,6,1,1,1,1,1,1,"Hospitales oncológicos y otro tipo de hospital de máxima complejidad.",1,1,1,1,1,1,1,NA
683,"EN",5,1,1,1,1,1,1,NA,4,1,1,1,1,1,1,NA,5,1,1,1,1,1,1,NA,3,1,1,1,1,1,1,NA
684,"EN",3,1,1,1,1,1,1,NA,3,1,1,1,1,1,1,NA,5,1,1,1,1,1,1,NA,5,1,1,1,1,1,1,NA
685,"EN",2,1,1,1,1,1,1,NA,3,1,1,1,1,1,1,NA,3,1,1,1,1,1,1,NA,3,1,1,1,1,1,1,NA
686,"EN",3,1,1,1,1,1,1,NA,1,1,1,1,1,1,1,NA,5,1,1,1,1,1,1,NA,3,1,1,1,1,1,1,NA
687,"EN",0,0,0,0,0,0,0,NA,0,0,0,0,0,0,0,NA,0,0,0,0,0,0,0,NA,0,0,0,0,0,0,0,NA
688,"EN",3,1,1,1,1,1,1,NA,3,1,1,1,1,1,1,NA,4,1,1,1,1,1,1,NA,1,1,1,1,1,1,1,NA
689,"EN",2,1,1,1,1,1,1,NA,5,1,1,1,1,1,1,NA,2,1,1,1,1,1,1,NA,4,1,1,1,1,1,1,NA
690,"EN",0,0,0,0,0,0,0,NA,0,0,0,0,0,0,0,NA,0,0,0,0,0,0,0,NA,0,0,0,0,0,0,0,NA
691,"EN",3,1,1,1,1,1,1,NA,3,1,1,1,1,1,1,NA,3,1,1,1,1,1,1,NA,3,1,1,1,1,1,1,NA
692,"ES",3,1,1,1,1,1,1,NA,3,1,1,1,1,1,1,NA,1,1,1,1,1,1,1,NA,1,1,1,1,1,1,1,NA
693,"EN",4,1,1,1,1,1,1,NA,2,1,1,1,1,1,1,NA,3,1,1,1,1,1,1,NA,2,1,1,1,1,1,1,NA
694,"EN",5,1,1,1,1,1,1,NA,5,1,1,1,1,1,1,NA,5,1,1,1,1,1,1,NA,5,1,1,1,1,1,1,NA
695,"ES",4,1,1,1,1,1,1,NA,3,1,1,1,1,1,1,NA,5,1,1,1,1,1,1,NA,4,1,1,1,1,1,1,NA
696,"EN",5,1,1,1,1,1,1,NA,5,1,1,1,1,1,1,NA,5,1,1,1,1,1,1,NA,5,1,1,1,1,1,1,NA
697,"EN",3,1,1,1,1,1,1,NA,3,1,1,1,1,1,1,NA,3,1,1,1,1,1,1,NA,3,1,1,1,1,1,1,NA
698,"EN",0,0,0,0,0,0,0,NA,0,0,0,0,0,0,0,NA,0,0,0,0,0,0,0,NA,0,0,0,0,0,0,0,NA
699,"EN",1,1,1,1,1,1,1,NA,4,1,1,1,1,1,1,NA,3,1,1,1,1,1,1,NA,4,1,1,1,1,1,1,NA
700,"EN",4,1,1,1,1,1,1,NA,3,1,1,1,1,1,1,NA,5,1,1,1,1,1,1,NA,5,1,1,1,1,1,1,NA
701,"EN",4,1,1,1,1,1,1,NA,2,1,1,1,1,1,1,NA,3,1,1,1,1,1,1,NA,2,1,1,1,1,1,1,NA
702,"EN",5,1,1,1,1,1,1,NA,5,1,1,1,1,1,1,NA,5,1,1,1,1,1,1,NA,5,1,1,1,1,1,1,NA
703,"EN",1,1,1,1,1,1,1,NA,1,1,1,1,1,1,1,NA,4,1,1,1,1,1,1,NA,1,1,1,1,1,1,1,NA
704,"EN",5,1,1,1,1,1,1,NA,3,1,1,1,1,1,1,NA,3,1,1,1,1,1,1,NA,5,1,1,1,1,1,1,NA
705,"EN",3,1,1,1,1,1,1,NA,0,0,0,0,0,0,0,NA,0,0,0,0,0,0,0,NA,0,0,0,0,0,0,0,NA
706,"EN",1,1,1,1,1,1,1,NA,1,1,1,1,1,1,1,NA,1,1,1,1,1,1,1,NA,2,1,1,1,1,1,1,NA
707,"EN",3,1,1,1,1,1,1,NA,0,0,0,0,0,0,0,NA,3,1,1,1,1,1,1,NA,0,0,0,0,0,0,0,NA
708,"EN",2,1,1,1,1,1,1,NA,4,1,1,1,1,1,1,NA,1,1,1,1,1,1,1,NA,2,1,1,1,1,1,1,NA
709,"EN",5,1,1,1,1,1,1,NA,3,1,1,1,1,1,1,NA,5,1,1,1,1,1,1,NA,5,1,1,1,1,1,1,NA
710,"EN",2,1,1,1,1,1,1,NA,1,1,1,1,1,1,1,NA,1,1,1,1,1,1,1,NA,1,1,1,1,1,1,1,NA
711,"EN",0,0,0,0,0,0,0,NA,0,0,0,0,0,0,0,NA,0,0,0,0,0,0,0,NA,0,0,0,0,0,0,0,NA
712,"EN",0,0,0,0,0,0,0,NA,0,0,0,0,0,0,0,NA,0,0,0,0,0,0,0,NA,2,1,1,1,1,1,1,NA
713,"ES",4,1,1,1,1,1,1,NA,5,1,1,1,1,1,1,NA,1,1,1,1,1,1,1,NA,1,1,1,1,1,1,1,NA
714,"EN",4,1,1,1,1,1,1,NA,1,1,1,1,1,1,1,NA,3,1,1,1,1,1,1,NA,3,1,1,1,1,1,1,NA
715,"ES",5,1,1,1,1,1,1,NA,3,1,1,1,1,1,1,NA,3,1,1,1,1,1,1,NA,4,1,1,1,1,1,1,NA
716,"ES",5,1,1,1,1,1,1,NA,5,1,1,1,1,1,1,NA,5,1,1,1,1,1,1,NA,5,1,1,1,1,1,1,NA
717,"EN",4,1,1,1,1,1,1,NA,1,1,1,1,1,1,1,NA,5,1,1,1,1,1,1,NA,5,1,1,1,1,1,1,NA
718,"EN",4,1,1,1,1,1,1,NA,6,1,1,1,1,1,1,NA,5,1,1,1,1,1,1,NA,5,1,1,1,1,1,1,NA
719,"ES",1,1,1,1,1,1,1,NA,4,1,1,1,1,1,1,NA,5,1,1,1,1,1,1,NA,5,1,1,1,1,1,1,NA
720,"EN",1,1,1,1,1,1,1,NA,2,1,1,1,1,1,1,NA,4,1,1,1,1,1,1,NA,1,1,1,1,1,1,1,NA
721,"EN",2,1,1,1,1,1,1,NA,1,1,1,1,1,1,1,NA,1,1,1,1,1,1,1,NA,1,1,1,1,1,1,1,NA
722,"EN",0,0,0,0,0,0,0,NA,0,0,0,0,0,0,0,NA,0,0,0,0,0,0,0,NA,4,1,1,1,1,1,1,NA
723,"EN",0,0,0,0,0,0,0,NA,0,0,0,0,0,0,0,NA,0,0,0,0,0,0,0,NA,0,0,0,0,0,0,0,NA
724,"EN",3,1,1,1,1,1,1,NA,3,1,1,1,1,1,1,NA,5,1,1,1,1,1,1,NA,1,1,1,1,1,1,1,NA
725,"EN",1,1,1,1,1,1,1,NA,1,1,1,1,1,1,1,NA,1,1,1,1,1,1,1,NA,1,1,1,1,1,1,1,NA
726,"EN",4,1,1,1,1,1,1,NA,5,1,1,1,1,1,1,NA,5,1,1,1,1,1,1,NA,5,1,1,1,1,1,1,NA
727,"EN",3,1,1,1,1,1,1,NA,3,1,1,1,1,1,1,NA,1,1,1,1,1,1,1,NA,2,1,1,1,1,1,1,NA
728,"EN",5,1,1,1,1,1,1,NA,5,1,1,1,1,1,1,NA,5,1,1,1,1,1,1,NA,5,1,1,1,1,1,1,NA
730,"EN",5,1,1,1,1,1,1,NA,5,1,1,1,1,1,1,NA,5,1,1,1,1,1,1,NA,5,1,1,1,1,1,1,NA
731,"ES",4,1,1,1,1,1,1,NA,6,1,1,1,1,1,1,"Asistencia en casas de cuidado a personas mayores",5,1,1,1,1,1,1,NA,5,1,1,1,1,1,1,NA
732,"EN",0,0,0,0,0,0,0,NA,0,0,0,0,0,0,0,NA,0,0,0,0,0,0,0,NA,2,1,1,1,1,1,1,NA
733,"EN",4,1,1,1,1,1,1,NA,2,1,1,1,1,1,1,NA,5,1,1,1,1,1,1,NA,4,1,1,1,1,1,1,NA
734,"EN",5,1,1,1,1,1,1,NA,3,1,1,1,1,1,1,NA,6,1,1,1,1,1,1,NA,5,1,1,1,1,1,1,NA
735,"EN",0,0,0,0,0,0,0,NA,0,0,0,0,0,0,0,NA,5,1,1,1,1,1,1,NA,0,0,0,0,0,0,0,NA
736,"EN",3,1,1,1,1,1,1,NA,2,1,1,1,1,1,1,NA,5,1,1,1,1,1,1,NA,5,1,1,1,1,1,1,NA
737,"EN",4,1,1,1,1,1,1,NA,3,1,1,1,1,1,1,NA,5,1,1,1,1,1,1,NA,3,1,1,1,1,1,1,NA
739,"EN",1,1,1,1,1,1,1,NA,4,1,1,1,1,1,1,NA,3,1,1,1,1,1,1,NA,1,1,1,1,1,1,1,NA
740,"EN",0,0,0,0,0,0,0,NA,1,1,1,1,1,1,1,NA,3,1,1,1,1,1,1,NA,1,1,1,1,1,1,1,NA
741,"EN",5,1,1,1,1,1,1,NA,3,1,1,1,1,1,1,NA,5,1,1,1,1,1,1,NA,4,1,1,1,1,1,1,NA
742,"ES",3,1,1,1,1,1,1,NA,5,1,1,1,1,1,1,NA,3,1,1,1,1,1,1,NA,3,1,1,1,1,1,1,NA
743,"EN",0,0,0,0,0,0,0,NA,0,0,0,0,0,0,0,NA,0,0,0,0,0,0,0,NA,0,0,0,0,0,0,0,NA
744,"ES",2,1,1,1,1,1,1,NA,5,1,1,1,1,1,1,NA,5,1,1,1,1,1,1,NA,2,1,1,1,1,1,1,NA
745,"EN",1,1,1,1,1,1,1,NA,2,1,1,1,1,1,1,NA,3,1,1,1,1,1,1,NA,3,1,1,1,1,1,1,NA
746,"EN",1,1,1,1,1,1,1,NA,3,1,1,1,1,1,1,NA,5,1,1,1,1,1,1,NA,4,1,1,1,1,1,1,NA
747,"ES",3,1,1,1,1,1,1,NA,3,1,1,1,1,1,1,NA,1,1,1,1,1,1,1,NA,1,1,1,1,1,1,1,NA
748,"EN",0,0,0,0,0,0,0,NA,4,1,1,1,1,1,1,NA,0,0,0,0,0,0,0,NA,0,0,0,0,0,0,0,NA
749,"EN",5,1,1,1,1,1,1,NA,0,0,0,0,0,0,0,NA,0,0,0,0,0,0,0,NA,0,0,0,0,0,0,0,NA
750,"EN",0,0,0,0,0,0,0,NA,0,0,0,0,0,0,0,NA,0,0,0,0,0,0,0,NA,0,0,0,0,0,0,0,NA
751,"EN",0,0,0,0,0,0,0,NA,0,0,0,0,0,0,0,NA,0,0,0,0,0,0,0,NA,0,0,0,0,0,0,0,NA
752,"EN",1,1,1,1,1,1,1,NA,1,1,1,1,1,1,1,NA,4,1,1,1,1,1,1,NA,3,1,1,1,1,1,1,NA
753,"EN",4,1,1,1,1,1,1,NA,3,1,1,1,1,1,1,NA,4,1,1,1,1,1,1,NA,1,1,1,1,1,1,1,NA
754,"EN",4,1,1,1,1,1,1,NA,3,1,1,1,1,1,1,NA,5,1,1,1,1,1,1,NA,2,1,1,1,1,1,1,NA
755,"EN",2,1,1,1,1,1,1,NA,2,1,1,1,1,1,1,NA,2,1,1,1,1,1,1,NA,2,1,1,1,1,1,1,NA
756,"ES",3,1,1,1,1,1,1,NA,1,1,1,1,1,1,1,NA,1,1,1,1,1,1,1,NA,2,1,1,1,1,1,1,NA
758,"EN",0,0,0,0,0,0,0,NA,0,0,0,0,0,0,0,NA,4,1,1,1,1,1,1,NA,1,1,1,1,1,1,1,NA
759,"EN",3,1,1,1,1,1,1,NA,2,1,1,1,1,1,1,NA,5,1,1,1,1,1,1,NA,3,1,1,1,1,1,1,NA
760,"EN",4,1,1,1,1,1,1,NA,2,1,1,1,1,1,1,NA,2,1,1,1,1,1,1,NA,2,1,1,1,1,1,1,NA
761,"EN",2,1,1,1,1,1,1,NA,2,1,1,1,1,1,1,NA,1,1,1,1,1,1,1,NA,1,1,1,1,1,1,1,NA
763,"EN",4,1,1,1,1,1,1,NA,5,1,1,1,1,1,1,NA,5,1,1,1,1,1,1,NA,4,1,1,1,1,1,1,NA
764,"EN",3,1,1,1,1,1,1,NA,2,1,1,1,1,1,1,NA,3,1,1,1,1,1,1,NA,5,1,1,1,1,1,1,NA
765,"EN",2,1,1,1,1,1,1,NA,2,1,1,1,1,1,1,NA,2,1,1,1,1,1,1,NA,3,1,1,1,1,1,1,NA
766,"EN",1,1,1,1,1,1,1,NA,3,1,1,1,1,1,1,NA,3,1,1,1,1,1,1,NA,5,1,1,1,1,1,1,NA
767,"EN",3,1,1,1,1,1,1,NA,2,1,1,1,1,1,1,NA,5,1,1,1,1,1,1,NA,5,1,1,1,1,1,1,NA
768,"EN",4,1,1,1,1,1,1,NA,1,1,1,1,1,1,1,NA,5,1,1,1,1,1,1,NA,1,1,1,1,1,1,1,NA
769,"EN",1,1,1,1,1,1,1,NA,1,1,1,1,1,1,1,NA,1,1,1,1,1,1,1,NA,2,1,1,1,1,1,1,NA
770,"EN",4,1,1,1,1,1,1,NA,0,0,0,0,0,0,0,NA,0,0,0,0,0,0,0,NA,0,0,0,0,0,0,0,NA
771,"EN",5,1,1,1,1,1,1,NA,5,1,1,1,1,1,1,NA,5,1,1,1,1,1,1,NA,5,1,1,1,1,1,1,NA
772,"EN",0,0,0,0,0,0,0,NA,0,0,0,0,0,0,0,NA,0,0,0,0,0,0,0,NA,0,0,0,0,0,0,0,NA
773,"EN",3,1,1,1,1,1,1,NA,1,1,1,1,1,1,1,NA,3,1,1,1,1,1,1,NA,1,1,1,1,1,1,1,NA
774,"EN",4,1,1,1,1,1,1,NA,5,1,1,1,1,1,1,NA,6,1,1,1,1,1,1,NA,2,1,1,1,1,1,1,NA
777,"EN",5,1,1,1,1,1,1,NA,6,1,1,1,1,1,1,NA,6,1,1,1,1,1,1,NA,5,1,1,1,1,1,1,NA
778,"ES",4,1,1,1,1,1,1,NA,4,1,1,1,1,1,1,NA,5,1,1,1,1,1,1,NA,5,1,1,1,1,1,1,NA
779,"EN",5,1,1,1,1,1,1,NA,5,1,1,1,1,1,1,NA,5,1,1,1,1,1,1,NA,5,1,1,1,1,1,1,NA
780,"ES",4,1,1,1,1,1,1,NA,3,1,1,1,1,1,1,NA,4,1,1,1,1,1,1,NA,3,1,1,1,1,1,1,NA
781,"EN",3,1,1,1,1,1,1,NA,3,1,1,1,1,1,1,NA,5,1,1,1,1,1,1,NA,3,1,1,1,1,1,1,NA
782,"EN",2,1,1,1,1,1,1,NA,4,1,1,1,1,1,1,NA,4,1,1,1,1,1,1,NA,1,1,1,1,1,1,1,NA
783,"EN",6,1,1,1,1,1,1,NA,5,1,1,1,1,1,1,NA,5,1,1,1,1,1,1,NA,5,1,1,1,1,1,1,NA
784,"EN",1,1,1,1,1,1,1,NA,5,1,1,1,1,1,1,NA,5,1,1,1,1,1,1,NA,5,1,1,1,1,1,1,NA
785,"EN",5,1,1,1,1,1,1,NA,2,1,1,1,1,1,1,NA,1,1,1,1,1,1,1,NA,1,1,1,1,1,1,1,NA
786,"ES",1,1,1,1,1,1,1,NA,4,1,1,1,1,1,1,NA,5,1,1,1,1,1,1,NA,3,1,1,1,1,1,1,NA
787,"EN",2,1,1,1,1,1,1,NA,1,1,1,1,1,1,1,NA,4,1,1,1,1,1,1,NA,1,1,1,1,1,1,1,NA
788,"EN",5,1,1,1,1,1,1,NA,4,1,1,1,1,1,1,NA,4,1,1,1,1,1,1,NA,5,1,1,1,1,1,1,NA
789,"EN",5,1,1,1,1,1,1,NA,5,1,1,1,1,1,1,NA,5,1,1,1,1,1,1,NA,5,1,1,1,1,1,1,NA
790,"EN",0,0,0,0,0,0,0,NA,0,0,0,0,0,0,0,NA,5,1,1,1,1,1,1,NA,5,1,1,1,1,1,1,NA
791,"EN",0,0,0,0,0,0,0,NA,0,0,0,0,0,0,0,NA,0,0,0,0,0,0,0,NA,1,1,1,1,1,1,1,NA
792,"EN",2,1,1,1,1,1,1,NA,4,1,1,1,1,1,1,NA,4,1,1,1,1,1,1,NA,5,1,1,1,1,1,1,NA
793,"ES",3,1,1,1,1,1,1,NA,2,1,1,1,1,1,1,NA,5,1,1,1,1,1,1,NA,4,1,1,1,1,1,1,NA
794,"ES",4,1,1,1,1,1,1,NA,2,1,1,1,1,1,1,NA,0,0,0,0,0,0,0,NA,0,0,0,0,0,0,0,NA
795,"EN",2,1,1,1,1,1,1,NA,2,1,1,1,1,1,1,NA,3,1,1,1,1,1,1,NA,2,1,1,1,1,1,1,NA
796,"EN",3,1,1,1,1,1,1,NA,5,1,1,1,1,1,1,NA,5,1,1,1,1,1,1,NA,5,1,1,1,1,1,1,NA
797,"EN",4,1,1,1,1,1,1,NA,5,1,1,1,1,1,1,NA,5,1,1,1,1,1,1,NA,5,1,1,1,1,1,1,NA
799,"EN",2,1,1,1,1,1,1,NA,5,1,1,1,1,1,1,NA,4,1,1,1,1,1,1,NA,4,1,1,1,1,1,1,NA
800,"EN",4,1,1,1,1,1,1,NA,4,1,1,1,1,1,1,NA,5,1,1,1,1,1,1,NA,4,1,1,1,1,1,1,NA
801,"EN",3,1,1,1,1,1,1,NA,1,1,1,1,1,1,1,NA,4,1,1,1,1,1,1,NA,4,1,1,1,1,1,1,NA
802,"ES",3,1,1,1,1,1,1,NA,2,1,1,1,1,1,1,NA,3,1,1,1,1,1,1,NA,5,1,1,1,1,1,1,NA
803,"EN",3,1,1,1,1,1,1,NA,4,1,1,1,1,1,1,NA,3,1,1,1,1,1,1,NA,5,1,1,1,1,1,1,NA
804,"EN",0,0,0,0,0,0,0,NA,0,0,0,0,0,0,0,NA,0,0,0,0,0,0,0,NA,0,0,0,0,0,0,0,NA
805,"EN",0,0,0,0,0,0,0,NA,0,0,0,0,0,0,0,NA,0,0,0,0,0,0,0,NA,0,0,0,0,0,0,0,NA
806,"EN",5,1,1,1,1,1,1,NA,5,1,1,1,1,1,1,NA,5,1,1,1,1,1,1,NA,4,1,1,1,1,1,1,NA
807,"EN",5,1,1,1,1,1,1,NA,3,1,1,1,1,1,1,NA,4,1,1,1,1,1,1,NA,3,1,1,1,1,1,1,NA
809,"EN",4,1,1,1,1,1,1,NA,4,1,1,1,1,1,1,NA,4,1,1,1,1,1,1,NA,4,1,1,1,1,1,1,NA
812,"EN",2,1,1,1,1,1,1,NA,0,0,0,0,0,0,0,NA,2,1,1,1,1,1,1,NA,0,0,0,0,0,0,0,NA
813,"EN",3,1,1,1,1,1,1,NA,5,1,1,1,1,1,1,NA,5,1,1,1,1,1,1,NA,2,1,1,1,1,1,1,NA
814,"EN",4,1,1,1,1,1,1,NA,3,1,1,1,1,1,1,NA,5,1,1,1,1,1,1,NA,4,1,1,1,1,1,1,NA
815,"EN",4,1,1,1,1,1,1,NA,1,1,1,1,1,1,1,NA,2,1,1,1,1,1,1,NA,2,1,1,1,1,1,1,NA
816,"EN",4,1,1,1,1,1,1,NA,2,1,1,1,1,1,1,NA,5,1,1,1,1,1,1,NA,1,1,1,1,1,1,1,NA
817,"EN",5,1,1,1,1,1,1,NA,5,1,1,1,1,1,1,NA,5,1,1,1,1,1,1,NA,3,1,1,1,1,1,1,NA
818,"ES",0,0,0,0,0,0,0,NA,0,0,0,0,0,0,0,NA,0,0,0,0,0,0,0,NA,0,0,0,0,0,0,0,NA
819,"EN",2,1,1,1,1,1,1,NA,1,1,1,1,1,1,1,NA,3,1,1,1,1,1,1,NA,3,1,1,1,1,1,1,NA
820,"EN",1,1,1,1,1,1,1,NA,1,1,1,1,1,1,1,NA,1,1,1,1,1,1,1,NA,2,1,1,1,1,1,1,NA
821,"EN",0,0,0,0,0,0,0,NA,0,0,0,0,0,0,0,NA,4,1,1,1,1,1,1,NA,3,1,1,1,1,1,1,NA
822,"EN",5,1,1,1,1,1,1,NA,3,1,1,1,1,1,1,NA,5,1,1,1,1,1,1,NA,2,1,1,1,1,1,1,NA
823,"EN",4,1,1,1,1,1,1,NA,2,1,1,1,1,1,1,NA,5,1,1,1,1,1,1,NA,3,1,1,1,1,1,1,NA
824,"ES",3,1,1,1,1,1,1,NA,2,1,1,1,1,1,1,NA,3,1,1,1,1,1,1,NA,1,1,1,1,1,1,1,NA
825,"EN",4,1,1,1,1,1,1,NA,5,1,1,1,1,1,1,NA,2,1,1,1,1,1,1,NA,2,1,1,1,1,1,1,NA
826,"EN",4,1,1,1,1,1,1,NA,2,1,1,1,1,1,1,NA,4,1,1,1,1,1,1,NA,3,1,1,1,1,1,1,NA
827,"EN",4,1,1,1,1,1,1,NA,4,1,1,1,1,1,1,NA,4,1,1,1,1,1,1,NA,4,1,1,1,1,1,1,NA
828,"EN",3,1,1,1,1,1,1,NA,3,1,1,1,1,1,1,NA,4,1,1,1,1,1,1,NA,5,1,1,1,1,1,1,NA
829,"EN",4,1,1,1,1,1,1,NA,1,1,1,1,1,1,1,NA,4,1,1,1,1,1,1,NA,3,1,1,1,1,1,1,NA
830,"EN",4,1,1,1,1,1,1,NA,6,1,1,1,1,1,1,NA,4,1,1,1,1,1,1,NA,5,1,1,1,1,1,1,NA
831,"EN",5,1,1,1,1,1,1,NA,2,1,1,1,1,1,1,NA,5,1,1,1,1,1,1,NA,5,1,1,1,1,1,1,NA
832,"EN",3,1,1,1,1,1,1,NA,1,1,1,1,1,1,1,NA,4,1,1,1,1,1,1,NA,2,1,1,1,1,1,1,NA
833,"EN",4,1,1,1,1,1,1,NA,2,1,1,1,1,1,1,NA,1,1,1,1,1,1,1,NA,2,1,1,1,1,1,1,NA
834,"EN",5,1,1,1,1,1,1,NA,5,1,1,1,1,1,1,NA,5,1,1,1,1,1,1,NA,5,1,1,1,1,1,1,NA
835,"EN",4,1,1,1,1,1,1,NA,4,1,1,1,1,1,1,NA,5,1,1,1,1,1,1,NA,3,1,1,1,1,1,1,NA
836,"ES",5,1,1,1,1,1,1,NA,4,1,1,1,1,1,1,NA,4,1,1,1,1,1,1,NA,4,1,1,1,1,1,1,NA
837,"EN",2,1,1,1,1,1,1,NA,1,1,1,1,1,1,1,NA,3,1,1,1,1,1,1,NA,4,1,1,1,1,1,1,NA
838,"EN",0,0,0,0,0,0,0,NA,2,1,1,1,1,1,1,NA,0,0,0,0,0,0,0,NA,2,1,1,1,1,1,1,NA
839,"EN",1,1,1,1,1,1,1,NA,1,1,1,1,1,1,1,NA,5,1,1,1,1,1,1,NA,5,1,1,1,1,1,1,NA
840,"EN",5,1,1,1,1,1,1,NA,3,1,1,1,1,1,1,NA,1,1,1,1,1,1,1,NA,2,1,1,1,1,1,1,NA
841,"EN",0,0,0,0,0,0,0,NA,0,0,0,0,0,0,0,NA,0,0,0,0,0,0,0,NA,0,0,0,0,0,0,0,NA
842,"EN",3,1,1,1,1,1,1,NA,1,1,1,1,1,1,1,NA,1,1,1,1,1,1,1,NA,0,0,0,0,0,0,0,NA
843,"EN",0,0,0,0,0,0,0,NA,5,1,1,1,1,1,1,NA,0,0,0,0,0,0,0,NA,0,0,0,0,0,0,0,NA
844,"EN",0,0,0,0,0,0,0,NA,0,0,0,0,0,0,0,NA,0,0,0,0,0,0,0,NA,0,0,0,0,0,0,0,NA
845,"EN",3,1,1,1,1,1,1,NA,2,1,1,1,1,1,1,NA,5,1,1,1,1,1,1,NA,3,1,1,1,1,1,1,NA
846,"ES",3,1,1,1,1,1,1,NA,3,1,1,1,1,1,1,NA,6,1,1,1,1,1,1,"Odontologia",2,1,1,1,1,1,1,NA
847,"EN",4,1,1,1,1,1,1,NA,4,1,1,1,1,1,1,NA,5,1,1,1,1,1,1,NA,4,1,1,1,1,1,1,NA
848,"EN",2,1,1,1,1,1,1,NA,4,1,1,1,1,1,1,NA,2,1,1,1,1,1,1,NA,3,1,1,1,1,1,1,NA
849,"EN",5,1,1,1,1,1,1,NA,5,1,1,1,1,1,1,NA,5,1,1,1,1,1,1,NA,5,1,1,1,1,1,1,NA
850,"EN",5,1,1,1,1,1,1,NA,5,1,1,1,1,1,1,NA,1,1,1,1,1,1,1,NA,5,1,1,1,1,1,1,NA
851,"ES",0,0,0,0,0,0,0,NA,0,0,0,0,0,0,0,NA,0,0,0,0,0,0,0,NA,0,0,0,0,0,0,0,NA
852,"EN",4,1,1,1,1,1,1,NA,3,1,1,1,1,1,1,NA,4,1,1,1,1,1,1,NA,3,1,1,1,1,1,1,NA
853,"EN",3,1,1,1,1,1,1,NA,3,1,1,1,1,1,1,NA,3,1,1,1,1,1,1,NA,4,1,1,1,1,1,1,NA
854,"EN",4,1,1,1,1,1,1,NA,3,1,1,1,1,1,1,NA,5,1,1,1,1,1,1,NA,3,1,1,1,1,1,1,NA
855,"EN",1,1,1,1,1,1,1,NA,1,1,1,1,1,1,1,NA,1,1,1,1,1,1,1,NA,1,1,1,1,1,1,1,NA
856,"EN",3,1,1,1,1,1,1,NA,3,1,1,1,1,1,1,NA,5,1,1,1,1,1,1,NA,1,1,1,1,1,1,1,NA
857,"EN",4,1,1,1,1,1,1,NA,2,1,1,1,1,1,1,NA,4,1,1,1,1,1,1,NA,3,1,1,1,1,1,1,NA
858,"ES",4,1,1,1,1,1,1,NA,3,1,1,1,1,1,1,NA,5,1,1,1,1,1,1,NA,5,1,1,1,1,1,1,NA
859,"EN",0,0,0,0,0,0,0,NA,0,0,0,0,0,0,0,NA,0,0,0,0,0,0,0,NA,0,0,0,0,0,0,0,NA
860,"EN",5,1,1,1,1,1,1,NA,2,1,1,1,1,1,1,NA,1,1,1,1,1,1,1,NA,1,1,1,1,1,1,1,NA
861,"EN",1,1,1,1,1,1,1,NA,1,1,1,1,1,1,1,NA,3,1,1,1,1,1,1,NA,2,1,1,1,1,1,1,NA
862,"EN",4,1,1,1,1,1,1,NA,3,1,1,1,1,1,1,NA,5,1,1,1,1,1,1,NA,5,1,1,1,1,1,1,NA
863,"EN",1,1,1,1,1,1,1,NA,1,1,1,1,1,1,1,NA,1,1,1,1,1,1,1,NA,1,1,1,1,1,1,1,NA
864,"EN",1,1,1,1,1,1,1,NA,3,1,1,1,1,1,1,NA,3,1,1,1,1,1,1,NA,6,1,1,1,1,1,1,NA
866,"EN",3,1,1,1,1,1,1,NA,2,1,1,1,1,1,1,NA,5,1,1,1,1,1,1,NA,5,1,1,1,1,1,1,NA
867,"EN",4,1,1,1,1,1,1,NA,4,1,1,1,1,1,1,NA,4,1,1,1,1,1,1,NA,2,1,1,1,1,1,1,NA
868,"EN",4,1,1,1,1,1,1,NA,5,1,1,1,1,1,1,NA,5,1,1,1,1,1,1,NA,2,1,1,1,1,1,1,NA
869,"EN",3,1,1,1,1,1,1,NA,3,1,1,1,1,1,1,NA,5,1,1,1,1,1,1,NA,1,1,1,1,1,1,1,NA
870,"EN",3,1,1,1,1,1,1,NA,2,1,1,1,1,1,1,NA,4,1,1,1,1,1,1,NA,4,1,1,1,1,1,1,NA
871,"EN",3,1,1,1,1,1,1,NA,2,1,1,1,1,1,1,NA,5,1,1,1,1,1,1,NA,5,1,1,1,1,1,1,NA
872,"EN",2,1,1,1,1,1,1,NA,2,1,1,1,1,1,1,NA,5,1,1,1,1,1,1,NA,1,1,1,1,1,1,1,NA
873,"EN",3,1,1,1,1,1,1,NA,0,0,0,0,0,0,0,NA,0,0,0,0,0,0,0,NA,0,0,0,0,0,0,0,NA
874,"EN",5,1,1,1,1,1,1,NA,5,1,1,1,1,1,1,NA,5,1,1,1,1,1,1,NA,5,1,1,1,1,1,1,NA
875,"EN",4,1,1,1,1,1,1,NA,3,1,1,1,1,1,1,NA,5,1,1,1,1,1,1,NA,5,1,1,1,1,1,1,NA
876,"ES",4,1,1,1,1,1,1,NA,3,1,1,1,1,1,1,NA,5,1,1,1,1,1,1,NA,4,1,1,1,1,1,1,NA
877,"ES",5,1,1,1,1,1,1,NA,5,1,1,1,1,1,1,NA,5,1,1,1,1,1,1,NA,5,1,1,1,1,1,1,NA
878,"ES",0,0,0,0,0,0,0,NA,0,0,0,0,0,0,0,NA,0,0,0,0,0,0,0,NA,0,0,0,0,0,0,0,NA
879,"ES",0,0,0,0,0,0,0,NA,0,0,0,0,0,0,0,NA,0,0,0,0,0,0,0,NA,0,0,0,0,0,0,0,NA
880,"ES",4,1,1,1,1,1,1,NA,3,1,1,1,1,1,1,NA,5,1,1,1,1,1,1,NA,3,1,1,1,1,1,1,NA
881,"ES",0,0,0,0,0,0,0,NA,0,0,0,0,0,0,0,NA,0,0,0,0,0,0,0,NA,1,1,1,1,1,1,1,NA
882,"ES",4,1,1,1,1,1,1,NA,5,1,1,1,1,1,1,NA,3,1,1,1,1,1,1,NA,3,1,1,1,1,1,1,NA
883,"ES",1,1,1,1,1,1,1,NA,2,1,1,1,1,1,1,NA,1,1,1,1,1,1,1,NA,1,1,1,1,1,1,1,NA
884,"ES",4,1,1,1,1,1,1,NA,2,1,1,1,1,1,1,NA,1,1,1,1,1,1,1,NA,1,1,1,1,1,1,1,NA
885,"ES",1,1,1,1,1,1,1,NA,4,1,1,1,1,1,1,NA,1,1,1,1,1,1,1,NA,5,1,1,1,1,1,1,NA
886,"ES",0,0,0,0,0,0,0,NA,0,0,0,0,0,0,0,NA,0,0,0,0,0,0,0,NA,1,1,1,1,1,1,1,NA
887,"ES",3,1,1,1,1,1,1,NA,3,1,1,1,1,1,1,NA,4,1,1,1,1,1,1,NA,6,1,1,1,1,1,1,"Oncologicos"
888,"ES",2,1,1,1,1,1,1,NA,2,1,1,1,1,1,1,NA,4,1,1,1,1,1,1,NA,1,1,1,1,1,1,1,NA
889,"ES",3,1,1,1,1,1,1,NA,1,1,1,1,1,1,1,NA,1,1,1,1,1,1,1,NA,1,1,1,1,1,1,1,NA
890,"ES",4,1,1,1,1,1,1,"hospitalización domiciliaria.",5,1,1,1,1,1,1,NA,5,1,1,1,1,1,1,NA,4,1,1,1,1,1,1,NA
891,"ES",3,1,1,1,1,1,1,NA,2,1,1,1,1,1,1,NA,3,1,1,1,1,1,1,NA,3,1,1,1,1,1,1,NA
892,"ES",0,0,0,0,0,0,0,NA,0,0,0,0,0,0,0,NA,0,0,0,0,0,0,0,NA,0,0,0,0,0,0,0,NA
893,"ES",6,1,1,1,1,1,1,"Como fisioterapeuta esto es increible, ojala en algun futuro todos tengamos acceso a este tipo de tecnologia",5,1,1,1,1,1,1,"Para el hogar como ayuda para enfermeros o fisioterapeutas. mucha gente con discapacidad no se puede mover ni en su propia casa",5,1,1,1,1,1,1,NA,5,1,1,1,1,1,1,NA
894,"ES",2,1,1,1,1,1,1,NA,5,1,1,1,1,1,1,NA,3,1,1,1,1,1,1,NA,1,1,1,1,1,1,1,NA
895,"ES",4,1,1,1,1,1,1,NA,4,1,1,1,1,1,1,NA,5,1,1,1,1,1,1,NA,5,1,1,1,1,1,1,NA
896,"ES",1,1,1,1,1,1,1,"Centros de rehabilitación",3,1,1,1,1,1,1,NA,3,1,1,1,1,1,1,NA,4,1,1,1,1,1,1,NA
898,"ES",4,1,1,1,1,1,1,NA,3,1,1,1,1,1,1,NA,3,1,1,1,1,1,1,NA,4,1,1,1,1,1,1,NA
902,"ES",0,0,0,0,0,0,0,NA,0,0,0,0,0,0,0,NA,0,0,0,0,0,0,0,NA,0,0,0,0,0,0,0,NA
906,"ES",4,1,1,1,1,1,1,NA,5,1,1,1,1,1,1,NA,5,1,1,1,1,1,1,NA,5,1,1,1,1,1,1,NA
907,"ES",1,1,1,1,1,1,1,NA,3,1,1,1,1,1,1,NA,4,1,1,1,1,1,1,NA,1,1,1,1,1,1,1,"No lo recomiendo"
908,"ES",5,1,1,1,1,1,1,"Unidades de rehabilitación en fisioterapia.",2,1,1,1,1,1,1,NA,3,1,1,1,1,1,1,NA,2,1,1,1,1,1,1,NA
